{"stats":{"minecraft:used":{"minecraft:deepslate_tiles":302,"minecraft:sea_lantern":3,"minecraft:cobblestone":1,"minecraft:deepslate_bricks":322},"minecraft:custom":{"minecraft:jump":30,"minecraft:time_since_rest":55108,"minecraft:damage_dealt":20,"minecraft:crouch_one_cm":40,"minecraft:play_time":55108,"minecraft:leave_game":2,"minecraft:sprint_one_cm":585,"minecraft:damage_taken":110,"minecraft:time_since_death":55108,"minecraft:walk_one_cm":13045,"minecraft:sneak_time":205,"minecraft:total_world_time":55108,"minecraft:fly_one_cm":398519},"minecraft:picked_up":{"minecraft:cobblestone":1}},"DataVersion":3955}