{"stats":{"minecraft:killed":{"minecraft:spider":1},"minecraft:used":{"minecraft:emerald_ore":1,"minecraft:sea_lantern":5,"minecraft:oak_sapling":2,"minecraft:grass_block":225,"minecraft:oak_sign":1},"minecraft:custom":{"minecraft:time_since_rest":54785,"minecraft:sprint_one_cm":7837,"minecraft:play_time":54785,"minecraft:walk_one_cm":22349,"minecraft:walk_under_water_one_cm":88,"minecraft:mob_kills":1,"minecraft:jump":54,"minecraft:damage_dealt":165,"minecraft:leave_game":3,"minecraft:walk_on_water_one_cm":606,"minecraft:time_since_death":54785,"minecraft:total_world_time":54785,"minecraft:climb_one_cm":992,"minecraft:swim_one_cm":610,"minecraft:fly_one_cm":258077},"minecraft:picked_up":{"minecraft:rotten_flesh":2,"minecraft:wheat_seeds":4,"minecraft:dandelion":10,"minecraft:poppy":1,"minecraft:gunpowder":2,"minecraft:oak_sapling":1,"minecraft:cornflower":1,"minecraft:dirt":17,"minecraft:string":1,"minecraft:oxeye_daisy":3}},"DataVersion":3955}