{"stats":{"minecraft:used":{"minecraft:deepslate_tiles":303,"minecraft:smooth_quartz_stairs":93,"minecraft:dark_oak_planks":123,"minecraft:sea_lantern":7,"minecraft:cobblestone":1,"minecraft:dark_oak_fence":8,"minecraft:deepslate_brick_wall":8,"minecraft:grass_block":1,"minecraft:deepslate_bricks":326},"minecraft:custom":{"minecraft:jump":37,"minecraft:time_since_rest":67108,"minecraft:damage_dealt":20,"minecraft:crouch_one_cm":40,"minecraft:play_time":67108,"minecraft:leave_game":2,"minecraft:sprint_one_cm":585,"minecraft:damage_taken":110,"minecraft:time_since_death":67108,"minecraft:walk_one_cm":20615,"minecraft:sneak_time":205,"minecraft:total_world_time":67108,"minecraft:fly_one_cm":431176},"minecraft:picked_up":{"minecraft:cobblestone":1}},"DataVersion":3955}