{"stats":{"minecraft:killed":{"minecraft:spider":1},"minecraft:used":{"minecraft:stone_brick_stairs":5,"minecraft:deepslate_tiles":2,"minecraft:dark_oak_planks":1,"minecraft:dark_oak_stairs":4,"minecraft:emerald_ore":1,"minecraft:sea_lantern":11,"minecraft:oak_sapling":2,"minecraft:grass_block":226,"minecraft:oak_sign":1,"minecraft:cracked_deepslate_tiles":1,"minecraft:smooth_stone_slab":24,"minecraft:cobbled_deepslate":1,"minecraft:blue_bed":10},"minecraft:custom":{"minecraft:time_since_rest":70318,"minecraft:crouch_one_cm":78,"minecraft:play_time":70318,"minecraft:sprint_one_cm":12041,"minecraft:walk_one_cm":30400,"minecraft:sneak_time":311,"minecraft:walk_under_water_one_cm":308,"minecraft:mob_kills":1,"minecraft:jump":85,"minecraft:damage_dealt":165,"minecraft:leave_game":4,"minecraft:walk_on_water_one_cm":792,"minecraft:time_since_death":70318,"minecraft:climb_one_cm":992,"minecraft:total_world_time":70318,"minecraft:swim_one_cm":610,"minecraft:fly_one_cm":356974},"minecraft:picked_up":{"minecraft:rotten_flesh":2,"minecraft:wheat_seeds":4,"minecraft:dandelion":10,"minecraft:poppy":1,"minecraft:gunpowder":2,"minecraft:oak_sapling":1,"minecraft:cornflower":1,"minecraft:string":1,"minecraft:dirt":17,"minecraft:oxeye_daisy":3}},"DataVersion":3955}