{"stats":{"minecraft:used":{"minecraft:deepslate_brick_wall":8,"minecraft:deepslate_tiles":312,"minecraft:soul_lantern":9,"minecraft:dark_oak_stairs":29,"minecraft:smooth_quartz_stairs":93,"minecraft:dark_oak_planks":142,"minecraft:water_bucket":12,"minecraft:sea_lantern":9,"minecraft:cobblestone":1,"minecraft:smooth_quartz_slab":32,"minecraft:grass_block":1,"minecraft:dark_oak_fence":8,"minecraft:chain":10,"minecraft:deepslate_brick_slab":5,"minecraft:dark_oak_slab":27,"minecraft:deepslate_bricks":326},"minecraft:custom":{"minecraft:time_since_rest":80135,"minecraft:crouch_one_cm":40,"minecraft:sprint_one_cm":1195,"minecraft:play_time":80135,"minecraft:damage_taken":110,"minecraft:walk_one_cm":49198,"minecraft:sneak_time":205,"minecraft:jump":41,"minecraft:damage_dealt":20,"minecraft:leave_game":3,"minecraft:time_since_death":80135,"minecraft:total_world_time":80135,"minecraft:fly_one_cm":459465},"minecraft:picked_up":{"minecraft:cobblestone":1}},"DataVersion":3955}