{"stats":{"minecraft:used":{"minecraft:stone_brick_stairs":5,"minecraft:deepslate_tiles":2,"minecraft:dark_oak_stairs":4,"minecraft:emerald_ore":1,"minecraft:dark_oak_planks":1,"minecraft:sea_lantern":11,"minecraft:oak_sapling":2,"minecraft:grass_block":226,"minecraft:oak_sign":1,"minecraft:cracked_deepslate_tiles":1,"minecraft:smooth_stone_slab":24,"minecraft:cobbled_deepslate":1,"minecraft:blue_bed":10},"minecraft:picked_up":{"minecraft:rotten_flesh":2,"minecraft:wheat_seeds":4,"minecraft:dandelion":10,"minecraft:poppy":1,"minecraft:gunpowder":2,"minecraft:oak_sapling":1,"minecraft:cornflower":1,"minecraft:dirt":17,"minecraft:string":1,"minecraft:oxeye_daisy":3},"minecraft:custom":{"minecraft:time_since_rest":74165,"minecraft:crouch_one_cm":78,"minecraft:play_time":74165,"minecraft:sprint_one_cm":12167,"minecraft:walk_one_cm":32540,"minecraft:sneak_time":311,"minecraft:walk_under_water_one_cm":308,"minecraft:mob_kills":1,"minecraft:jump":90,"minecraft:damage_dealt":165,"minecraft:leave_game":5,"minecraft:walk_on_water_one_cm":792,"minecraft:time_since_death":74165,"minecraft:climb_one_cm":992,"minecraft:total_world_time":74165,"minecraft:swim_one_cm":610,"minecraft:fly_one_cm":384659},"minecraft:killed":{"minecraft:spider":1}},"DataVersion":3955}